<?xml version="1.0" encoding="utf-8" ?>
<dwsync>
<file name="android-icon-36x36.png" server="ftp.langmead.com//public_html/" local="132115512180000000" remote="132116228400000000" Dst="0" />
<file name="android-icon-144x144.png" server="ftp.langmead.com//public_html/" local="132115512200000000" remote="132116228400000000" Dst="0" />
<file name="android-icon-96x96.png" server="ftp.langmead.com//public_html/" local="132115512180000000" remote="132116228400000000" Dst="0" />
<file name="apple-icon-114x114.png" server="ftp.langmead.com//public_html/" local="132115512200000000" remote="132116228400000000" Dst="0" />
<file name="apple-icon-144x144.png" server="ftp.langmead.com//public_html/" local="132115512200000000" remote="132116228400000000" Dst="0" />
<file name="apple-icon-120x120.png" server="ftp.langmead.com//public_html/" local="132115512200000000" remote="132116229000000000" Dst="0" />
<file name="apple-icon-57x57.png" server="ftp.langmead.com//public_html/" local="132115512200000000" remote="132116229000000000" Dst="0" />
<file name="apple-icon-180x180.png" server="ftp.langmead.com//public_html/" local="132115512200000000" remote="132116229000000000" Dst="0" />
<file name="apple-icon-72x72.png" server="ftp.langmead.com//public_html/" local="132115512200000000" remote="132116229000000000" Dst="0" />
<file name="apple-icon-76x76.png" server="ftp.langmead.com//public_html/" local="132115512200000000" remote="132116229000000000" Dst="0" />
<file name="apple-icon.png" server="ftp.langmead.com//public_html/" local="132115512200000000" remote="132116229000000000" Dst="0" />
<file name="browserconfig.xml" server="ftp.langmead.com//public_html/" local="132115512180000000" remote="132116229000000000" Dst="0" />
<file name="android-icon-48x48.png" server="ftp.langmead.com//public_html/" local="132115512180000000" remote="132116229000000000" Dst="0" />
<file name="favicon-16x16.png" server="ftp.langmead.com//public_html/" local="132115512200000000" remote="132116229000000000" Dst="0" />
<file name="favicon-32x32.png" server="ftp.langmead.com//public_html/" local="132115512200000000" remote="132116229000000000" Dst="0" />
<file name="favicon.ico" server="ftp.langmead.com//public_html/" local="132115510740000000" remote="132116229000000000" Dst="0" />
<file name="android-icon-72x72.png" server="ftp.langmead.com//public_html/" local="132115512180000000" remote="132116229000000000" Dst="0" />
<file name="apple-icon-152x152.png" server="ftp.langmead.com//public_html/" local="132115512200000000" remote="132116229000000000" Dst="0" />
<file name="apple-icon-60x60.png" server="ftp.langmead.com//public_html/" local="132115512200000000" remote="132116229600000000" Dst="0" />
<file name="android-icon-192x192.png" server="ftp.langmead.com//public_html/" local="132115512200000000" remote="132116229600000000" Dst="0" />
<file name="favicon-96x96.png" server="ftp.langmead.com//public_html/" local="132115512200000000" remote="132116230200000000" Dst="0" />
<file name="manifest.json" server="ftp.langmead.com//public_html/" local="132115512180000000" remote="132116230200000000" Dst="0" />
<file name="ms-icon-150x150.png" server="ftp.langmead.com//public_html/" local="132115512200000000" remote="132116230200000000" Dst="0" />
<file name="ms-icon-310x310.png" server="ftp.langmead.com//public_html/" local="132115512200000000" remote="132116230200000000" Dst="0" />
<file name="ms-icon-70x70.png" server="ftp.langmead.com//public_html/" local="132115512200000000" remote="132116230200000000" Dst="0" />
<file name="success.html" server="ftp.langmead.com//public_html/" local="132115847780000000" remote="132116230200000000" Dst="0" />
<file name="apple-icon-precomposed.png" server="ftp.langmead.com//public_html/" local="132115512200000000" remote="132116230200000000" Dst="0" />
<file name="ms-icon-144x144.png" server="ftp.langmead.com//public_html/" local="132115512200000000" remote="132116230200000000" Dst="0" />
<file name="process.php" server="ftp.langmead.com//public_html/" local="132116297520000000" remote="132116230200000000" Dst="0" />
<file name="index.html" server="ftp.langmead.com//public_html/" local="132115850740000000" remote="132116256000000000" Dst="0" />
</dwsync>