<?xml version="1.0" encoding="utf-8" ?>
<dwsync>
<file name="2000px-Flag_of_Malawi.svg.png" server="ftp.langmead.com//public_html/" local="132067904420000000" remote="132116229600000000" Dst="0" />
<file name="2000px-Flag_of_Zimbabwe.svg.png" server="ftp.langmead.com//public_html/" local="132067904720000000" remote="132116229600000000" Dst="0" />
<file name="Flag_of_Botswana.svg" server="ftp.langmead.com//public_html/" local="132067903000000000" remote="132116229600000000" Dst="0" />
<file name="Flag_of_Mozambique.svg.png" server="ftp.langmead.com//public_html/" local="132067903460000000" remote="132116229600000000" Dst="0" />
<file name="Flag_of_Zambia.svg" server="ftp.langmead.com//public_html/" local="132067902560000000" remote="132116229600000000" Dst="0" />
<file name="logo2.png" server="ftp.langmead.com//public_html/" local="132067901860000000" remote="132116229600000000" Dst="0" />
<file name="logo5.png" server="ftp.langmead.com//public_html/" local="132067851580000000" remote="132116229600000000" Dst="0" />
<file name="logo7.png" server="ftp.langmead.com//public_html/" local="132067852480000000" remote="132116229600000000" Dst="0" />
<file name="Malawi-02.png" server="ftp.langmead.com//public_html/" local="132067908480000000" remote="132116229600000000" Dst="0" />
<file name="Namibia-02.png" server="ftp.langmead.com//public_html/" local="132067910980000000" remote="132116229600000000" Dst="0" />
<file name="Zimbabwe-02.png" server="ftp.langmead.com//public_html/" local="132067911340000000" remote="132116229600000000" Dst="0" />
<file name="Botswana-02.png" server="ftp.langmead.com//public_html/" local="132067910560000000" remote="132116230200000000" Dst="0" />
<file name="Flag_of_South_Africa.svg" server="ftp.langmead.com//public_html/" local="132067906400000000" remote="132116230200000000" Dst="0" />
<file name="logo1.png" server="ftp.langmead.com//public_html/" local="132067850860000000" remote="132116230200000000" Dst="0" />
<file name="logo3.png" server="ftp.langmead.com//public_html/" local="132067851100000000" remote="132116230200000000" Dst="0" />
<file name="logo6.png" server="ftp.langmead.com//public_html/" local="132067851960000000" remote="132116230200000000" Dst="0" />
<file name="mocabique-02.png" server="ftp.langmead.com//public_html/" local="132067911760000000" remote="132116230200000000" Dst="0" />
<file name="logo4.png" server="ftp.langmead.com//public_html/" local="132067851440000000" remote="132116230200000000" Dst="0" />
<file name="Zambia-02.png" server="ftp.langmead.com//public_html/" local="132067907380000000" remote="132116230200000000" Dst="0" />
<file name="2000px-Flag_of_Namibia.svg.png" server="ftp.langmead.com//public_html/" local="132067902780000000" remote="132116230800000000" Dst="0" />
</dwsync>