<?xml version="1.0" encoding="utf-8" ?>
<dwsync>
<file name="1.jpg" server="ftp.langmead.com//public_html/" local="132066147080000000" remote="132116229600000000" Dst="0" />
<file name="1202_2012 Feb 3, Press Briefing, Lusaka_0054 - Copy.gif" server="ftp.langmead.com//public_html/" local="132066125700000000" remote="132116229600000000" Dst="0" />
<file name="11.jpg" server="ftp.langmead.com//public_html/" local="132066174480000000" remote="132116229600000000" Dst="0" />
<file name="14.jpg" server="ftp.langmead.com//public_html/" local="132066177260000000" remote="132116229600000000" Dst="0" />
<file name="15.jpg" server="ftp.langmead.com//public_html/" local="132066177540000000" remote="132116229600000000" Dst="0" />
<file name="20160430_182413 - Copy (1).gif" server="ftp.langmead.com//public_html/" local="132066130060000000" remote="132116229600000000" Dst="0" />
<file name="20160430_182413 - Copy.gif" server="ftp.langmead.com//public_html/" local="132066126140000000" remote="132116229600000000" Dst="0" />
<file name="17.jpg" server="ftp.langmead.com//public_html/" local="132066178820000000" remote="132116229600000000" Dst="0" />
<file name="5.jpg" server="ftp.langmead.com//public_html/" local="132066168540000000" remote="132116229600000000" Dst="0" />
<file name="4.jpg" server="ftp.langmead.com//public_html/" local="132066164120000000" remote="132116229600000000" Dst="0" />
<file name="8.jpg" server="ftp.langmead.com//public_html/" local="132066171340000000" remote="132116229600000000" Dst="0" />
<file name="9.jpg" server="ftp.langmead.com//public_html/" local="132066171880000000" remote="132116229600000000" Dst="0" />
<file name="DSC01904.gif" server="ftp.langmead.com//public_html/" local="132066175620000000" remote="132116229600000000" Dst="0" />
<file name="emirates 369.gif" server="ftp.langmead.com//public_html/" local="132066129420000000" remote="132116230200000000" Dst="0" />
<file name="DSCN0197.gif" server="ftp.langmead.com//public_html/" local="132066130020000000" remote="132116230200000000" Dst="0" />
<file name="filmingirrigation.jpg" server="ftp.langmead.com//public_html/" local="132066129300000000" remote="132116230200000000" Dst="0" />
<file name="P1010281 a.gif" server="ftp.langmead.com//public_html/" local="132066129860000000" remote="132116230200000000" Dst="0" />
<file name="P1030589.gif" server="ftp.langmead.com//public_html/" local="132066129780000000" remote="132116230200000000" Dst="0" />
<file name="gemfields01.gif" server="ftp.langmead.com//public_html/" local="132066129240000000" remote="132116230200000000" Dst="0" />
<file name="pic 1 - from left, jk, slap dee, petita mwanza, pompi, cactus agony and fan. - copy - copy.gif" server="ftp.langmead.com//public_html/" local="132066129120000000" remote="132116230200000000" Dst="0" />
<file name="pilotinterview.jpg" server="ftp.langmead.com//public_html/" local="132066129060000000" remote="132116230200000000" Dst="0" />
<file name="placeholder-2.png" server="ftp.langmead.com//public_html/" local="130616025740000000" remote="132116230200000000" Dst="0" />
<file name="placeholder.png" server="ftp.langmead.com//public_html/" local="130616022680000000" remote="132116230200000000" Dst="0" />
<file name="Strategic planning.gif" server="ftp.langmead.com//public_html/" local="132066129600000000" remote="132116230200000000" Dst="0" />
<file name="zambeef02.jpg" server="ftp.langmead.com//public_html/" local="132066128900000000" remote="132116230200000000" Dst="0" />
<file name="_DSC0830.gif" server="ftp.langmead.com//public_html/" local="132066129560000000" remote="132116230200000000" Dst="0" />
<file name="_DSC3547 a.gif" server="ftp.langmead.com//public_html/" local="132066129500000000" remote="132116230200000000" Dst="0" />
<file name="10.jpg" server="ftp.langmead.com//public_html/" local="132066174000000000" remote="132116230200000000" Dst="0" />
<file name="12.jpg" server="ftp.langmead.com//public_html/" local="132066176360000000" remote="132116230200000000" Dst="0" />
<file name="16.jpg" server="ftp.langmead.com//public_html/" local="132066177880000000" remote="132116230200000000" Dst="0" />
<file name="2.jpg" server="ftp.langmead.com//public_html/" local="132066163020000000" remote="132116230200000000" Dst="0" />
<file name="DSC00481.gif" server="ftp.langmead.com//public_html/" local="132066173240000000" remote="132116230200000000" Dst="0" />
<file name="6.jpg" server="ftp.langmead.com//public_html/" local="132066169360000000" remote="132116230200000000" Dst="0" />
<file name="Other 004.jpg" server="ftp.langmead.com//public_html/" local="132066129920000000" remote="132116230200000000" Dst="0" />
<file name="emirates01.gif" server="ftp.langmead.com//public_html/" local="132066129360000000" remote="132116230200000000" Dst="0" />
<file name="placeholder-1.png" server="ftp.langmead.com//public_html/" local="130616024380000000" remote="132116230200000000" Dst="0" />
<file name="_DSC7422 - Copy.gif" server="ftp.langmead.com//public_html/" local="132066129460000000" remote="132116230200000000" Dst="0" />
<file name="zambeef01.gif" server="ftp.langmead.com//public_html/" local="132066129000000000" remote="132116230200000000" Dst="0" />
<file name="13.jpg" server="ftp.langmead.com//public_html/" local="132066176780000000" remote="132116230800000000" Dst="0" />
<file name="3.jpg" server="ftp.langmead.com//public_html/" local="132066163540000000" remote="132116230800000000" Dst="0" />
<file name="DSC_0280.gif" server="ftp.langmead.com//public_html/" local="132066129960000000" remote="132116230800000000" Dst="0" />
<file name="7.jpg" server="ftp.langmead.com//public_html/" local="132066170560000000" remote="132116230800000000" Dst="0" />
<file name="P1010653 - Copy.gif" server="ftp.langmead.com//public_html/" local="132066129820000000" remote="132116230800000000" Dst="0" />
<file name="P1030650.gif" server="ftp.langmead.com//public_html/" local="132066129720000000" remote="132116230800000000" Dst="0" />
</dwsync>