<?xml version="1.0" encoding="utf-8" ?>
<dwsync>
<file name="countUp.js" server="ftp.langmead.com//public_html/" local="130371461020000000" remote="132116230200000000" Dst="0" />
<file name="jquery.easypiechart.js" server="ftp.langmead.com//public_html/" local="130371461040000000" remote="132116230200000000" Dst="0" />
<file name="jquery.bxslider.js" server="ftp.langmead.com//public_html/" local="130371461040000000" remote="132116230200000000" Dst="0" />
<file name="jquery.js" server="ftp.langmead.com//public_html/" local="130371461120000000" remote="132116230200000000" Dst="0" />
<file name="jquery.label_better.js" server="ftp.langmead.com//public_html/" local="130371461120000000" remote="132116230200000000" Dst="0" />
<file name="main.js" server="ftp.langmead.com//public_html/" local="130371461140000000" remote="132116230200000000" Dst="0" />
<file name="modernizr.custom.js" server="ftp.langmead.com//public_html/" local="130081347620000000" remote="132116230200000000" Dst="0" />
<file name="bootstrap.js" server="ftp.langmead.com//public_html/" local="130371461020000000" remote="132116230200000000" Dst="0" />
<file name="jquery.inview.js" server="ftp.langmead.com//public_html/" local="130371461060000000" remote="132116230200000000" Dst="0" />
<file name="grid.js" server="ftp.langmead.com//public_html/" local="130615998500000000" remote="132116230800000000" Dst="0" />
<file name="jquery.mixitup.js" server="ftp.langmead.com//public_html/" local="130371461160000000" remote="132116230800000000" Dst="0" />
</dwsync>