<?xml version="1.0" encoding="utf-8" ?>
<dwsync>
<file name="426-4266705_fti-consulting-logo-fti-consulting-logo-png-transparent.png" server="ftp.langmead.com//public_html/" local="132113675880000000" remote="132116229600000000" Dst="0" />
<file name="Affili_logo1.png" server="ftp.langmead.com//public_html/" local="132113674380000000" remote="132116229600000000" Dst="0" />
<file name="background-1.png" server="ftp.langmead.com//public_html/" local="130616028620000000" remote="132116229600000000" Dst="0" />
<file name="Affili_logo3.png" server="ftp.langmead.com//public_html/" local="132113672080000000" remote="132116229600000000" Dst="0" />
<file name="CIPR-logo.png" server="ftp.langmead.com//public_html/" local="132113666940000000" remote="132116229600000000" Dst="0" />
<file name="contact-us.jpg" server="ftp.langmead.com//public_html/" local="132112910560000000" remote="132116229600000000" Dst="0" />
<file name="how-we-do-it.jpg" server="ftp.langmead.com//public_html/" local="130601189020000000" remote="132116229600000000" Dst="0" />
<file name="logo.png" server="ftp.langmead.com//public_html/" local="130355949020000000" remote="132116229600000000" Dst="0" />
<file name="Binder1-01.jpg" server="ftp.langmead.com//public_html/" local="132109319360000000" remote="132116229600000000" Dst="0" />
<file name="NEXTLAW.jpg" server="ftp.langmead.com//public_html/" local="132113680980000000" remote="132116229600000000" Dst="0" />
<file name="patern.png" server="ftp.langmead.com//public_html/" local="130355949020000000" remote="132116229600000000" Dst="0" />
<file name="single.jpg" server="ftp.langmead.com//public_html/" local="130601185520000000" remote="132116230200000000" Dst="0" />
<file name="skills.jpg" server="ftp.langmead.com//public_html/" local="132113869280000000" remote="132116230200000000" Dst="0" />
<file name="zim_logo_retina.png" server="ftp.langmead.com//public_html/" local="132113671580000000" remote="132116230200000000" Dst="0" />
<file name="Affiliation_logo2.png" server="ftp.langmead.com//public_html/" local="132113668940000000" remote="132116230200000000" Dst="0" />
<file name="AfricaOnelogo.gif" server="ftp.langmead.com//public_html/" local="132113678740000000" remote="132116230200000000" Dst="0" />
<file name="CIPR-logo-1024x166.png" server="ftp.langmead.com//public_html/" local="132113670920000000" remote="132116230200000000" Dst="0" />
<file name="cropped-Capture-1.png" server="ftp.langmead.com//public_html/" local="132113673400000000" remote="132116230200000000" Dst="0" />
<file name="FTI_Affiliates_logo-20160915033551215.jpg" server="ftp.langmead.com//public_html/" local="132113681360000000" remote="132116230200000000" Dst="0" />
<file name="Langmead & Baker logo.png" server="ftp.langmead.com//public_html/" local="131990195860000000" remote="132116230200000000" Dst="0" />
<file name="FTI.png" server="ftp.langmead.com//public_html/" local="132113685320000000" remote="132116230200000000" Dst="0" />
<file name="we-are-proud.jpg" server="ftp.langmead.com//public_html/" local="132113863860000000" remote="132116230200000000" Dst="0" />
<file name="Africa_one.png" server="ftp.langmead.com//public_html/" local="132113680140000000" remote="132116230200000000" Dst="0" />
<file name="exhibitor_38042.jpg" server="ftp.langmead.com//public_html/" local="132113665660000000" remote="132116230800000000" Dst="0" />
<file name="Icon-01.png" server="ftp.langmead.com//public_html/" local="132115580480000000" remote="132116230800000000" Dst="0" />
<file name="NExt_law.png" server="ftp.langmead.com//public_html/" local="132113684640000000" remote="132116230800000000" Dst="0" />
<file name="slider.jpg" server="ftp.langmead.com//public_html/" local="132113853920000000" remote="132116230800000000" Dst="0" />
</dwsync>